Student ID,Student Name,Student Exam,Date
STU001,John Doe,Mathematics,2024-12-20
STU002,Jane Smith,Mathematics,2024-12-20
STU003,Mike Johnson,Physics,2024-12-22
STU004,Sarah Wilson,Mathematics,2024-12-20
STU005,David Brown,Physics,2024-12-22
STU006,Emily Davis,Chemistry,2024-12-25
STU007,Chris Miller,Mathematics,2024-12-20
STU008,Lisa Garcia,Physics,2024-12-22
STU009,Tom Wilson,Chemistry,2024-12-25
STU010,Amy Martinez,Mathematics,2024-12-20
STU011,Robert Taylor,Physics,2024-12-22
STU012,Maria Rodriguez,Mathematics,2024-12-20
STU013,James Anderson,Chemistry,2024-12-25
STU014,Linda Thomas,Mathematics,2024-12-20
STU015,William Jackson,Physics,2024-12-22
STU016,Sophia White,Mathematics,2024-12-20
STU017,Daniel Harris,Physics,2024-12-22
STU018,Olivia Martin,Chemistry,2024-12-25
STU019,Matthew Thompson,Mathematics,2024-12-20
STU020,Emma Robinson,Physics,2024-12-22
STU021,Joseph Clark,Mathematics,2024-12-20
STU022,Ava Lewis,Chemistry,2024-12-25
STU023,Anthony Walker,Physics,2024-12-22
STU024,Isabella Hall,Mathematics,2024-12-20
STU025,Ethan Allen,Mathematics,2024-12-20
STU026,Mia Young,Physics,2024-12-22
STU027,Alexander King,Chemistry,2024-12-25
STU028,Charlotte Wright,Mathematics,2024-12-20
STU029,Michael Scott,Physics,2024-12-22
STU030,Amelia Green,Mathematics,2024-12-20
STU031,Benjamin Adams,Chemistry,2024-12-25
STU032,Harper Nelson,Physics,2024-12-22
STU033,Elijah Baker,Mathematics,2024-12-20
STU034,Evelyn Carter,Chemistry,2024-12-25
STU035,Logan Mitchell,Physics,2024-12-22
STU036,Abigail Perez,Mathematics,2024-12-20
STU037,Jackson Roberts,Mathematics,2024-12-20
STU038,Sofia Turner,Chemistry,2024-12-25
STU039,David Phillips,Physics,2024-12-22
STU040,Grace Campbell,Mathematics,2024-12-20
STU041,Henry Parker,Chemistry,2024-12-25
STU042,Chloe Evans,Mathematics,2024-12-20
STU043,Liam Edwards,Physics,2024-12-22
STU044,Aria Collins,Mathematics,2024-12-20
STU045,Samuel Stewart,Physics,2024-12-22
STU046,Zoe Sanchez,Chemistry,2024-12-25
STU047,Jacob Morris,Mathematics,2024-12-20
STU048,Layla Rogers,Physics,2024-12-22
STU049,Jack Reed,Chemistry,2024-12-25
STU050,Lily Cook,Mathematics,2024-12-20
STU051,Noah Morgan,Physics,2024-12-22
STU052,Scarlett Bell,Chemistry,2024-12-25
STU053,James Murphy,Mathematics,2024-12-20
STU054,Victoria Bailey,Mathematics,2024-12-20
STU055,Andrew Rivera,Physics,2024-12-22
STU056,Hannah Cooper,Chemistry,2024-12-25
STU057,Nathan Richardson,Mathematics,2024-12-20
STU058,Ella Cox,Physics,2024-12-22
STU059,Dylan Howard,Mathematics,2024-12-20
STU060,Grace Ward,Chemistry,2024-12-25
STU061,Joshua Torres,Physics,2024-12-22
STU062,Samantha Peterson,Mathematics,2024-12-20
STU063,Ryan Gray,Chemistry,2024-12-25
STU064,Nora Ramirez,Physics,2024-12-22
STU065,Luke James,Mathematics,2024-12-20
STU066,Penelope Watson,Chemistry,2024-12-25
STU067,Isaac Brooks,Physics,2024-12-22
STU068,Stella Kelly,Mathematics,2024-12-20
STU069,Christian Sanders,Chemistry,2024-12-25
STU070,Ellie Price,Physics,2024-12-22
STU071,Caleb Bennett,Mathematics,2024-12-20
STU072,Addison Wood,Chemistry,2024-12-25
STU073,Owen Barnes,Physics,2024-12-22
STU074,Natalie Ross,Mathematics,2024-12-20
STU075,Cameron Henderson,Mathematics,2024-12-20
STU076,Lucy Coleman,Chemistry,2024-12-25
STU077,Gabriel Jenkins,Physics,2024-12-22
STU078,Skylar Perry,Mathematics,2024-12-20
STU079,Julian Powell,Chemistry,2024-12-25
STU080,Audrey Long,Physics,2024-12-22
STU081,Wyatt Patterson,Mathematics,2024-12-20
STU082,Leah Hughes,Chemistry,2024-12-25
STU083,Hunter Flores,Physics,2024-12-22
STU084,Claire Washington,Mathematics,2024-12-20
STU085,Connor Butler,Chemistry,2024-12-25
STU086,Eleanor Simmons,Physics,2024-12-22
STU087,Adrian Foster,Mathematics,2024-12-20
STU088,Anna Gonzales,Chemistry,2024-12-25
STU089,Charles Bryant,Physics,2024-12-22
STU090,Victoria Alexander,Mathematics,2024-12-20
STU091,Jonathan Russell,Chemistry,2024-12-25
STU092,Caroline Griffin,Physics,2024-12-22
STU093,Thomas Diaz,Mathematics,2024-12-20
STU094,Madison Hayes,Chemistry,2024-12-25
STU095,Aaron Myers,Physics,2024-12-22
STU096,Lila Ford,Mathematics,2024-12-20
STU097,Steven Hamilton,Chemistry,2024-12-25
STU098,Katherine Graham,Physics,2024-12-22
STU099,Patrick Sullivan,Mathematics,2024-12-20
STU100,Sadie Wallace,Chemistry,2024-12-25
STU101,George West,Physics,2024-12-22
STU102,Alice Cole,Mathematics,2024-12-20
STU103,Marcus Stone,Chemistry,2024-12-25
STU104,Maya Freeman,Physics,2024-12-22
STU105,Eric Wells,Mathematics,2024-12-20
STU106,Harper Shaw,Chemistry,2024-12-25
STU107,Tyler Hudson,Physics,2024-12-22
STU108,Lauren Hicks,Mathematics,2024-12-20
STU109,Adam Crawford,Chemistry,2024-12-25
STU110,Naomi Henry,Physics,2024-12-22
STU111,Victor Boyd,Mathematics,2024-12-20
STU112,Zara Mason,Chemistry,2024-12-25
STU113,Colton Morales,Physics,2024-12-22
STU114,Evelyn Warren,Mathematics,2024-12-20
STU115,Aiden Fox,Chemistry,2024-12-25
STU116,Sophie Bishop,Physics,2024-12-22
STU117,Mason Hart,Mathematics,2024-12-20
STU118,Nora Stone,Chemistry,2024-12-25
STU119,Leo Fisher,Physics,2024-12-22
STU120,Bella Warren,Mathematics,2024-12-20
